src,dst
8,11
8,13
8,15
8,16
8,19
8,28
8,29
8,32
8,34
8,38
8,39
8,46
8,48
8,58
8,59
8,64
8,73
8,79
8,80
8,102
8,114
8,118
8,124
8,135
8,153
8,174
8,181
8,204
8,206
8,220
8,224
8,243
8,252
8,264
8,280
8,292
8,325
8,350
8,384
8,429
8,438
8,532
8,562
8,573
8,581
8,595
8,635
8,643
8,660
8,672
8,680
8,681
8,737
8,772
8,773
8,818
8,890
8,892
8,916
8,946
8,982
8,992
15,16
15,30
15,39
15,48
15,61
15,83
15,84
15,92
15,94
15,99
15,101
15,131
15,147
15,148
15,157
15,169
15,173
15,186
15,218
15,229
15,239
15,242
15,253
15,256
15,284
15,299
15,304
15,310
15,339
15,353
15,356
15,357
15,359
15,369
15,380
15,405
15,472
15,473
15,482
15,490
15,497
15,504
15,516
15,535
15,556
15,587
15,597
15,603
15,605
15,652
15,662
15,716
15,742
15,748
15,790
15,802
15,855
15,874
15,878
15,887
15,925
15,980
15,986
16,17
16,29
16,30
16,33
16,42
16,51
16,52
16,55
16,59
16,66
16,95
16,121
16,129
16,134
16,157
16,175
16,277
16,289
16,295
16,366
16,505
16,543
16,564
16,666
16,714
16,841
16,914
16,916
16,931
16,944
16,962
16,979
17,18
17,25
17,60
17,104
17,117
17,126
17,132
17,152
17,210
17,223
17,250
17,273
17,278
17,302
17,322
17,328
17,351
17,362
17,394
17,408
17,421
17,435
17,470
17,511
17,569
17,598
17,706
17,734
17,869
17,997
19,25
19,33
19,58
19,60
19,70
19,76
19,82
19,91
19,101
19,110
19,118
19,138
19,154
19,159
19,168
19,176
19,204
19,220
19,231
19,252
19,254
19,265
19,267
19,300
19,317
19,358
19,393
19,462
19,492
19,526
19,559
19,647
19,653
19,680
19,701
19,703
19,750
19,770
19,855
19,902
19,993
22,37
22,67
22,85
22,115
22,125
22,149
22,174
22,176
22,192
22,198
22,250
22,273
22,286
22,314
22,320
22,334
22,345
22,351
22,467
22,468
22,507
22,514
22,538
22,549
22,552
22,604
22,651
22,677
22,717
22,850
22,879
22,890
22,931
22,935
26,40
26,42
26,52
26,61
26,69
26,110
26,115
26,131
26,133
26,186
26,194
26,237
26,263
26,361
26,371
26,394
26,404
26,419
26,427
26,439
26,479
26,645
26,662
26,686
26,712
26,741
26,846
26,899
36,37
36,82
36,86
36,153
36,250
36,278
36,374
36,447
36,477
36,601
36,634
36,715
36,745
36,758
36,813
36,918
36,947
37,40
37,56
37,170
37,211
37,231
37,279
37,297
37,524
37,566
37,618
38,63
38,86
38,106
38,108
38,114
38,132
38,144
38,216
38,294
38,316
38,360
38,371
38,377
38,399
38,403
38,411
38,422
38,434
38,499
38,547
38,581
38,588
38,612
38,626
38,668
38,705
38,723
38,784
38,824
38,856
38,857
38,860
38,955
38,958
38,980
45,51
45,64
45,98
45,105
45,252
45,307
45,332
45,501
45,527
45,528
45,767
45,936
45,985
46,53
46,88
46,147
46,222
46,282
46,285
46,381
46,415
46,655
46,685
46,848
46,861
46,870
46,927
46,939
48,49
48,119
48,250
48,310
48,439
48,459
48,468
48,896
50,52
50,74
50,89
50,107
50,144
50,177
50,202
50,216
50,226
50,238
50,321
50,390
50,422
50,455
50,488
50,493
50,579
50,719
50,738
50,996
53,87
53,135
53,145
53,147
53,266
53,311
53,322
53,325
53,454
53,470
53,678
53,749
53,766
53,870
53,875
53,876
53,891
57,136
57,156
57,244
57,270
57,290
57,362
57,374
57,429
57,612
57,615
57,686
57,800
57,826
68,142
68,145
68,146
68,177
68,205
68,258
68,295
68,308
68,349
68,373
68,390
68,582
68,720
68,801
68,818
68,899
68,966
68,988
75,96
75,209
75,301
75,318
75,413
75,440
75,549
75,598
75,633
75,707
75,712
75,754
75,939
75,983
93,125
93,453
93,498
93,531
93,707
93,795
93,797
103,108
103,109
103,130
103,191
103,196
103,320
103,421
103,629
103,828
111,156
111,183
111,219
111,742
111,760
111,800
115,166
115,202
115,365
115,376
115,426
115,472
115,514
115,581
115,743
115,795
116,131
116,158
116,206
116,259
116,321
116,377
116,409
116,461
116,505
116,522
116,529
116,597
116,669
116,904
117,157
117,176
117,205
117,210
117,551
117,612
117,682
117,756
117,887
117,919
117,945
119,120
119,288
119,371
119,621
119,655
122,128
122,213
122,423
122,641
122,875
123,127
123,137
123,190
123,199
123,232
123,274
123,291
123,490
123,596
123,888
123,952
124,130
124,151
124,199
124,275
124,291
124,295
124,350
124,414
124,448
124,565
124,575
124,670
124,851
126,226
126,335
126,433
126,583
126,893
126,959
127,131
127,166
127,207
127,308
127,388
127,516
129,138
129,175
129,224
129,261
129,306
129,350
129,502
129,782
129,964
142,147
142,205
142,227
142,244
142,337
142,364
142,403
142,418
142,553
142,666
142,682
142,703
142,710
142,753
143,169
143,211
143,213
143,401
143,407
143,523
143,641
143,680
143,690
143,702
143,743
143,884
143,901
143,938
146,172
146,276
146,333
146,334
146,434
146,463
146,648
146,801
147,732
147,736
147,907
149,190
149,215
149,234
149,430
149,607
149,740
149,783
149,869
149,913
150,245
150,276
150,287
150,315
150,329
150,345
150,458
150,548
150,679
150,778
150,807
150,847
150,853
150,882
151,178
151,184
151,287
151,303
151,330
151,392
151,540
151,574
151,650
151,664
151,716
151,865
151,987
152,246
152,254
152,298
152,341
152,498
152,564
153,538
153,692
153,830
154,185
154,298
154,626
154,662
154,727
154,730
154,760
154,839
154,888
154,971
157,519
157,551
157,689
157,854
162,198
162,366
162,711
162,834
171,253
171,531
171,580
171,628
171,781
171,802
171,880
171,923
175,195
175,221
175,227
175,246
175,401
175,407
175,416
175,495
175,509
175,517
175,570
175,589
175,668
175,822
175,948
175,954
177,196
177,466
177,628
177,632
177,637
177,805
177,855
177,866
177,925
177,954
179,223
179,470
179,487
179,561
179,721
179,991
179,998
180,183
180,232
180,312
180,324
180,327
180,580
180,595
180,713
180,778
183,200
183,213
183,223
183,244
183,753
186,206
186,226
186,281
186,296
186,359
186,367
186,417
186,467
186,711
186,733
186,781
186,819
186,833
188,269
188,271
188,296
188,340
188,346
188,380
188,431
188,449
188,584
188,693
188,839
190,275
190,379
190,505
194,199
194,249
194,408
194,440
194,460
194,563
194,599
194,652
195,254
195,358
195,864
197,390
202,724
203,251
203,695
203,809
207,364
207,495
207,600
207,703
207,752
207,814
207,903
219,228
219,262
219,308
219,464
219,674
219,692
219,831
219,917
222,279
222,387
222,417
222,446
222,598
222,744
222,751
222,837
225,414
225,464
225,545
225,896
225,938
225,958
225,996
226,238
226,261
226,364
226,403
226,520
226,661
226,678
226,802
226,814
226,932
229,454
229,641
236,584
236,627
236,717
236,932
245,260
245,343
245,353
245,388
245,480
245,670
245,678
245,719
245,725
245,735
245,847
246,681
246,682
246,688
246,981
253,393
253,399
253,401
253,553
253,841
253,846
253,880
255,312
255,409
255,730
257,297
257,324
257,325
257,508
257,595
257,611
257,707
257,715
257,727
257,756
262,418
262,740
262,818
262,909
262,968
263,404
263,535
268,382
268,558
268,578
268,589
268,956
271,272
271,296
271,308
271,365
271,448
271,526
271,627
271,637
271,684
271,688
271,751
271,757
271,834
271,857
271,940
279,452
279,729
279,966
283,311
283,352
283,619
283,681
283,719
283,801
284,382
284,630
284,885
284,985
287,450
287,586
293,677
293,694
297,773
297,968
301,378
301,413
301,535
301,644
301,692
301,823
303,304
303,845
303,858
304,400
304,606
304,755
304,894
320,591
320,614
320,842
322,330
322,387
324,395
324,776
324,915
325,560
325,698
325,707
325,992
335,433
335,571
335,590
335,898
340,355
340,364
340,372
340,414
340,445
341,383
341,467
341,755
348,462
348,559
348,563
348,855
348,975
349,519
349,901
349,960
353,434
353,502
353,526
353,674
353,797
353,861
356,485
356,515
356,519
356,715
364,625
364,772
364,825
369,488
369,930
369,985
374,389
374,410
374,412
374,422
374,453
374,536
374,658
374,689
383,501
399,490
399,594
399,784
400,604
400,704
400,731
402,433
402,878
403,612
407,718
407,798
407,814
407,820
407,826
414,990
419,602
419,768
419,983
421,506
421,510
421,562
421,576
421,606
421,913
431,693
431,868
434,592
434,771
437,509
437,670
437,752
438,442
438,466
438,684
438,920
446,449
446,626
446,781
446,809
446,938
452,700
452,936
469,646
469,991
470,799
470,858
480,615
480,663
480,751
480,843
480,912
480,943
487,733
487,852
503,714
511,884
512,518
512,776
512,968
517,610
517,821
517,944
517,972
537,979
550,607
550,807
550,848
551,907
558,877
569,753
571,669
579,931
586,609
591,905
602,732
602,779
602,865
609,998
610,635
610,799
616,697
616,935
620,778
620,868
623,638
623,654
623,897
623,961
625,970
637,730
637,991
641,754
641,803
651,788
657,902
658,986
659,936
666,904
672,951
675,950
688,753
688,809
693,713
693,716
693,949
712,843
712,950
718,758
732,779
732,874
739,877
739,979
743,851
746,977
751,773
754,803
754,821
755,981
759,816
759,934
786,859
790,826
806,944
808,938
809,920
825,945
828,861
828,869
828,892
834,873
834,945
841,931
844,917
853,885
858,906
863,874
863,929
864,941
877,940
889,959
891,921
909,923
932,972
979,984
